{
  "timestamp": "20260301_114233",
  "source": "smoke-test",
  "metrics": {
    "l0": 213.41200256347656,
    "fvu": 1.1298766136169434,
    "mse": 1.1960092782974243
  },
  "top_features": {
    "feature_indices": [
      26,
      494,
      349,
      322,
      477,
      87,
      499,
      372,
      294,
      409
    ],
    "activation_freqs": [
      0.49400001764297485,
      0.48600003123283386,
      0.47600001096725464,
      0.47200003266334534,
      0.47200003266334534,
      0.4700000286102295,
      0.4700000286102295,
      0.4660000205039978,
      0.4660000205039978,
      0.46400001645088196
    ],
    "mean_activations": [
      0.4457117021083832,
      0.44071319699287415,
      0.4424161911010742,
      0.4773080348968506,
      0.4441632330417633,
      0.4365404546260834,
      0.41398483514785767,
      0.40824031829833984,
      0.44870758056640625,
      0.5142537951469421
    ]
  }
}