{
  "timestamp": "20260301_134112",
  "source": "pretrained-gemma-scope",
  "metrics": {
    "l0": 71.50981140136719,
    "fvu": 0.024946141988039017,
    "mse": 11768.474609375
  },
  "top_features": {
    "feature_indices": [
      71,
      946,
      914,
      555,
      2601,
      25644,
      1157,
      10844,
      382,
      896
    ],
    "activation_freqs": [
      0.5686274766921997,
      0.4705882668495178,
      0.4117647409439087,
      0.3921568989753723,
      0.3529411852359772,
      0.3333333432674408,
      0.29411765933036804,
      0.29411765933036804,
      0.29411765933036804,
      0.27450981736183167
    ],
    "mean_activations": [
      1418.7916259765625,
      1138.8218994140625,
      678.6181640625,
      1314.5994873046875,
      696.2117919921875,
      910.4035034179688,
      685.7426147460938,
      1125.5167236328125,
      621.13623046875,
      996.461181640625
    ]
  }
}