{
  "timestamp": "20260301_131110",
  "source": "sae/checkpoints/checkpoint_final.pt",
  "metrics": {
    "l0": 8126.16943359375,
    "fvu": 0.21859169006347656,
    "mse": 0.3002675771713257
  },
  "top_features": {
    "feature_indices": [
      1052,
      13364,
      12023,
      9769,
      1549,
      5343,
      6041,
      5831,
      13830,
      12573
    ],
    "activation_freqs": [
      0.5660000443458557,
      0.5630000233650208,
      0.5590000152587891,
      0.5590000152587891,
      0.5570000410079956,
      0.5570000410079956,
      0.5570000410079956,
      0.5570000410079956,
      0.5560000538825989,
      0.5550000071525574
    ],
    "mean_activations": [
      0.43496617674827576,
      0.39879313111305237,
      0.3870473802089691,
      0.398624986410141,
      0.36368730664253235,
      0.3986574709415436,
      0.4252369999885559,
      0.4648767411708832,
      0.46415379643440247,
      0.37740376591682434
    ]
  }
}